Small Molecule HMS LINCS ID,Small Molecule Name,Protein HMS LINCS ID,Protein Name,% Control,Assay compound conc,Conc unit
10285-101-1,PHA-767491,200001,AAK1,3.2,10,uM
10285-101-1,PHA-767491,200004,ABL1(E255K)-phosphorylated,25.0,10,uM
10285-101-1,PHA-767491,200006,ABL1(F317I)-nonphosphorylated,100.0,10,uM
10285-101-1,PHA-767491,200007,ABL1(F317I)-phosphorylated,93.0,10,uM
10285-101-1,PHA-767491,200009,ABL1(F317L)-nonphosphorylated,100.0,10,uM
10285-101-1,PHA-767491,200010,ABL1(F317L)-phosphorylated,92.0,10,uM
10285-101-1,PHA-767491,200012,ABL1(H396P)-nonphosphorylated,45.0,10,uM
10285-101-1,PHA-767491,200013,ABL1(H396P)-phosphorylated,85.0,10,uM
10285-101-1,PHA-767491,200015,ABL1(M351T)-phosphorylated,92.0,10,uM
10285-101-1,PHA-767491,200017,ABL1(Q252H)-nonphosphorylated,15.0,10,uM
10285-101-1,PHA-767491,200018,ABL1(Q252H)-phosphorylated,58.0,10,uM
10285-101-1,PHA-767491,200020,ABL1(T315I)-nonphosphorylated,60.0,10,uM
10285-101-1,PHA-767491,200021,ABL1(T315I)-phosphorylated,30.0,10,uM
10285-101-1,PHA-767491,200023,ABL1(Y253F)-phosphorylated,88.0,10,uM
10285-101-1,PHA-767491,200024,ABL1-nonphosphorylated,72.0,10,uM
10285-101-1,PHA-767491,200025,ABL1-phosphorylated,80.0,10,uM
10285-101-1,PHA-767491,200026,ABL2,100.0,10,uM
10285-101-1,PHA-767491,200027,ACVR1,21.0,10,uM
10285-101-1,PHA-767491,200028,ACVR1B,34.0,10,uM
10285-101-1,PHA-767491,200029,ACVR2A,3.4,10,uM
10285-101-1,PHA-767491,200030,ACVR2B,6.0,10,uM
10285-101-1,PHA-767491,200031,ACVRL1,74.0,10,uM
10285-101-1,PHA-767491,200032,ADCK3,49.0,10,uM
10285-101-1,PHA-767491,200033,ADCK4,70.0,10,uM
10285-101-1,PHA-767491,200034,AKT1,56.0,10,uM
10285-101-1,PHA-767491,200035,AKT2,92.0,10,uM
10285-101-1,PHA-767491,200036,AKT3,100.0,10,uM
10285-101-1,PHA-767491,200037,ALK,92.0,10,uM
10285-101-1,PHA-767491,200479,ALK(C1156Y),67.0,10,uM
10285-101-1,PHA-767491,200480,ALK(L1196M),88.0,10,uM
10285-101-1,PHA-767491,200038,AMPK-alpha1,100.0,10,uM
10285-101-1,PHA-767491,200039,AMPK-alpha2,100.0,10,uM
10285-101-1,PHA-767491,200040,ANKK1,48.0,10,uM
10285-101-1,PHA-767491,200041,NUAK1,44.0,10,uM
10285-101-1,PHA-767491,200042,M3K5,7.6,10,uM
10285-101-1,PHA-767491,200043,M3K6,75.0,10,uM
10285-101-1,PHA-767491,200044,AURKA,100.0,10,uM
10285-101-1,PHA-767491,200045,AURKB,87.0,10,uM
10285-101-1,PHA-767491,200046,AURKC,87.0,10,uM
10285-101-1,PHA-767491,200047,AXL,77.0,10,uM
10285-101-1,PHA-767491,200048,BIKE,12.0,10,uM
10285-101-1,PHA-767491,200049,BLK,100.0,10,uM
10285-101-1,PHA-767491,200050,BMPR1A,94.0,10,uM
10285-101-1,PHA-767491,200051,BMPR1B,0.2,10,uM
10285-101-1,PHA-767491,200052,BMPR2,0.9,10,uM
10285-101-1,PHA-767491,200053,BMX,100.0,10,uM
10285-101-1,PHA-767491,200054,BRAF,22.0,10,uM
10285-101-1,PHA-767491,200055,BRAF(V600E),23.0,10,uM
10285-101-1,PHA-767491,200056,PTK6,96.0,10,uM
10285-101-1,PHA-767491,200057,BRSK1,76.0,10,uM
10285-101-1,PHA-767491,200058,BRSK2,37.0,10,uM
10285-101-1,PHA-767491,200059,BTK,63.0,10,uM
10285-101-1,PHA-767491,200470,BUB1,12.0,10,uM
10285-101-1,PHA-767491,200060,CAMK1,100.0,10,uM
10285-101-1,PHA-767491,200061,CAMK1D,100.0,10,uM
10285-101-1,PHA-767491,200062,CAMK1G,74.0,10,uM
10285-101-1,PHA-767491,200063,CAMK2A,22.0,10,uM
10285-101-1,PHA-767491,200064,CAMK2B,10.0,10,uM
10285-101-1,PHA-767491,200065,KCC2D,28.0,10,uM
10285-101-1,PHA-767491,200066,CAMK2G,42.0,10,uM
10285-101-1,PHA-767491,200067,KCC4,100.0,10,uM
10285-101-1,PHA-767491,200068,KKCC1,25.0,10,uM
10285-101-1,PHA-767491,200069,CAMKK2,12.0,10,uM
10285-101-1,PHA-767491,200070,CASK,82.0,10,uM
10285-101-1,PHA-767491,200071,CDC2L1,76.0,10,uM
10285-101-1,PHA-767491,200072,CDC2L2,52.0,10,uM
10285-101-1,PHA-767491,200073,CDC2L5,3.1,10,uM
10285-101-1,PHA-767491,200074,CDK11,12.0,10,uM
10285-101-1,PHA-767491,200075,CDK2,39.0,10,uM
10285-101-1,PHA-767491,200076,CDK3,41.0,10,uM
10285-101-1,PHA-767491,200077,CDK4-cyclinD1,12.0,10,uM
10285-101-1,PHA-767491,200078,CDK4-cyclinD3,7.2,10,uM
10285-101-1,PHA-767491,200079,CDK5,54.0,10,uM
10285-101-1,PHA-767491,200080,CDK7,1.7,10,uM
10285-101-1,PHA-767491,200081,CDK8,7.8,10,uM
10285-101-1,PHA-767491,200082,CDK9,0.5,10,uM
10285-101-1,PHA-767491,200083,CDKL1,35.0,10,uM
10285-101-1,PHA-767491,200084,CDKL2,16.0,10,uM
10285-101-1,PHA-767491,200085,CDKL3,30.0,10,uM
10285-101-1,PHA-767491,200086,CDKL5,4.5,10,uM
10285-101-1,PHA-767491,200087,CHEK1,100.0,10,uM
10285-101-1,PHA-767491,200088,CHK2,14.0,10,uM
10285-101-1,PHA-767491,200089,CIT,0.1,10,uM
10285-101-1,PHA-767491,200090,CLK1,0.1,10,uM
10285-101-1,PHA-767491,200091,CLK2,0.5,10,uM
10285-101-1,PHA-767491,200092,CLK3,1.2,10,uM
10285-101-1,PHA-767491,200093,CLK4,0.4,10,uM
10285-101-1,PHA-767491,200094,CSF1R,99.0,10,uM
10285-101-1,PHA-767491,200471,CSF1R-autoinhibited,30.0,10,uM
10285-101-1,PHA-767491,200095,CSK,100.0,10,uM
10285-101-1,PHA-767491,200096,CSNK1A1,1.8,10,uM
10285-101-1,PHA-767491,200097,CSNK1A1L,0.7,10,uM
10285-101-1,PHA-767491,200098,CSNK1D,0.5,10,uM
10285-101-1,PHA-767491,200099,CSNK1E,0.1,10,uM
10285-101-1,PHA-767491,200100,KC1G1,5.9,10,uM
10285-101-1,PHA-767491,200101,KC1G2,0.8,10,uM
10285-101-1,PHA-767491,200102,CSNK1G3,0.4,10,uM
10285-101-1,PHA-767491,200103,CSNK2A1,3.0,10,uM
10285-101-1,PHA-767491,200104,CSNK2A2,1.8,10,uM
10285-101-1,PHA-767491,200105,CTK,100.0,10,uM
10285-101-1,PHA-767491,200106,DAPK1,1.4,10,uM
10285-101-1,PHA-767491,200107,DAPK2,2.2,10,uM
10285-101-1,PHA-767491,200108,DAPK3,1.7,10,uM
10285-101-1,PHA-767491,200109,DCLK1,32.0,10,uM
10285-101-1,PHA-767491,200110,DCAMKL2,59.0,10,uM
10285-101-1,PHA-767491,200111,DCAMKL3,0.7,10,uM
10285-101-1,PHA-767491,200112,DDR1,96.0,10,uM
10285-101-1,PHA-767491,200113,DDR2,71.0,10,uM
10285-101-1,PHA-767491,200114,M3K12,91.0,10,uM
10285-101-1,PHA-767491,200115,DMPK,21.0,10,uM
10285-101-1,PHA-767491,200116,DMPK2,99.0,10,uM
10285-101-1,PHA-767491,200117,DRAK1,0.3,10,uM
10285-101-1,PHA-767491,200118,DRAK2,32.0,10,uM
10285-101-1,PHA-767491,200119,DYRK1A,0.1,10,uM
10285-101-1,PHA-767491,200120,DYRK1B,0.5,10,uM
10285-101-1,PHA-767491,200121,DYRK2,2.0,10,uM
10285-101-1,PHA-767491,200122,EGFR,100.0,10,uM
10285-101-1,PHA-767491,200123,EGFR(E746-A750del),73.0,10,uM
10285-101-1,PHA-767491,200124,EGFR(G719C),74.0,10,uM
10285-101-1,PHA-767491,200125,EGFR(G719S),97.0,10,uM
10285-101-1,PHA-767491,200126,"EGFR(L747-E749del, A750P)",54.0,10,uM
10285-101-1,PHA-767491,200127,"EGFR(L747-S752del, P753S)",71.0,10,uM
10285-101-1,PHA-767491,200128,"EGFR(L747-T751del,Sins)",58.0,10,uM
10285-101-1,PHA-767491,200129,EGFR(L858R),90.0,10,uM
10285-101-1,PHA-767491,200130,"EGFR(L858R,T790M)",36.0,10,uM
10285-101-1,PHA-767491,200131,EGFR(L861Q),88.0,10,uM
10285-101-1,PHA-767491,200132,EGFR(S752-I759del),85.0,10,uM
10285-101-1,PHA-767491,200133,EGFR(T790M),89.0,10,uM
10285-101-1,PHA-767491,200134,EIF2AK1,88.0,10,uM
10285-101-1,PHA-767491,200135,EPHA1,100.0,10,uM
10285-101-1,PHA-767491,200136,EPHA2,100.0,10,uM
10285-101-1,PHA-767491,200137,EPHA3,72.0,10,uM
10285-101-1,PHA-767491,200138,EPHA4,95.0,10,uM
10285-101-1,PHA-767491,200139,EPHA5,100.0,10,uM
10285-101-1,PHA-767491,200140,EPHA6,97.0,10,uM
10285-101-1,PHA-767491,200141,EPHA7,100.0,10,uM
10285-101-1,PHA-767491,200142,EPHA8,99.0,10,uM
10285-101-1,PHA-767491,200143,EPHB1,98.0,10,uM
10285-101-1,PHA-767491,200144,EPHB2,86.0,10,uM
10285-101-1,PHA-767491,200145,EPHB3,96.0,10,uM
10285-101-1,PHA-767491,200146,EPHB4,97.0,10,uM
10285-101-1,PHA-767491,200147,EPHB6,91.0,10,uM
10285-101-1,PHA-767491,200148,ERBB2,100.0,10,uM
10285-101-1,PHA-767491,200149,ERBB3,91.0,10,uM
10285-101-1,PHA-767491,200150,ERBB4,85.0,10,uM
10285-101-1,PHA-767491,200151,MK03,18.0,10,uM
10285-101-1,PHA-767491,200152,MK01,55.0,10,uM
10285-101-1,PHA-767491,200153,ERK3,96.0,10,uM
10285-101-1,PHA-767491,200154,ERK4,95.0,10,uM
10285-101-1,PHA-767491,200155,ERK5,60.0,10,uM
10285-101-1,PHA-767491,200156,ERK8,0.1,10,uM
10285-101-1,PHA-767491,200157,ERN1,88.0,10,uM
10285-101-1,PHA-767491,200158,FAK1,100.0,10,uM
10285-101-1,PHA-767491,200159,FER,100.0,10,uM
10285-101-1,PHA-767491,200160,FES,100.0,10,uM
10285-101-1,PHA-767491,200161,FGFR1,86.0,10,uM
10285-101-1,PHA-767491,200162,FGFR2,100.0,10,uM
10285-101-1,PHA-767491,200163,FGFR3,100.0,10,uM
10285-101-1,PHA-767491,200164,FGFR3(G697C),100.0,10,uM
10285-101-1,PHA-767491,200165,FGFR4,97.0,10,uM
10285-101-1,PHA-767491,200166,FGR,98.0,10,uM
10285-101-1,PHA-767491,200167,VGFR1,100.0,10,uM
10285-101-1,PHA-767491,200168,FLT3,89.0,10,uM
10285-101-1,PHA-767491,200169,FLT3(D835H),57.0,10,uM
10285-101-1,PHA-767491,200170,FLT3(D835Y),12.0,10,uM
10285-101-1,PHA-767491,200171,FLT3(ITD),60.0,10,uM
10285-101-1,PHA-767491,200172,FLT3(K663Q),78.0,10,uM
10285-101-1,PHA-767491,200173,FLT3(N841I),39.0,10,uM
10285-101-1,PHA-767491,200174,FLT3(R834Q),64.0,10,uM
10285-101-1,PHA-767491,200472,FLT3-autoinhibited,100.0,10,uM
10285-101-1,PHA-767491,200175,FLT4,99.0,10,uM
10285-101-1,PHA-767491,200176,FRK,78.0,10,uM
10285-101-1,PHA-767491,200177,FYN,99.0,10,uM
10285-101-1,PHA-767491,200178,GAK,25.0,10,uM
10285-101-1,PHA-767491,200179,"GCN2(Kin.Dom.2,S808G)",55.0,10,uM
10285-101-1,PHA-767491,200180,GRK1,40.0,10,uM
10285-101-1,PHA-767491,200181,GRK4,91.0,10,uM
10285-101-1,PHA-767491,200182,GRK7,28.0,10,uM
10285-101-1,PHA-767491,200183,GSK3A,0.0,10,uM
10285-101-1,PHA-767491,200184,GSK3B,0.6,10,uM
10285-101-1,PHA-767491,200473,HASP,0.6,10,uM
10285-101-1,PHA-767491,200185,HCK,100.0,10,uM
10285-101-1,PHA-767491,200186,HIPK1,0.9,10,uM
10285-101-1,PHA-767491,200187,HIPK2,3.7,10,uM
10285-101-1,PHA-767491,200188,HIPK3,2.8,10,uM
10285-101-1,PHA-767491,200189,HIPK4,2.3,10,uM
10285-101-1,PHA-767491,200190,M4K1,53.0,10,uM
10285-101-1,PHA-767491,200191,HUNK,89.0,10,uM
10285-101-1,PHA-767491,200192,ICK,24.0,10,uM
10285-101-1,PHA-767491,200193,IGF1R,100.0,10,uM
10285-101-1,PHA-767491,200194,IKKA,0.0,10,uM
10285-101-1,PHA-767491,200195,IKKB,8.6,10,uM
10285-101-1,PHA-767491,200196,IKKE,83.0,10,uM
10285-101-1,PHA-767491,200197,INSR,70.0,10,uM
10285-101-1,PHA-767491,200198,INSRR,86.0,10,uM
10285-101-1,PHA-767491,200199,IRAK1,0.1,10,uM
10285-101-1,PHA-767491,200200,IRAK3,55.0,10,uM
10285-101-1,PHA-767491,200201,IRAK4,46.0,10,uM
10285-101-1,PHA-767491,200202,ITK,100.0,10,uM
10285-101-1,PHA-767491,200203,JAK1(JH1domain-catalytic),31.0,10,uM
10285-101-1,PHA-767491,200204,JAK1(JH2domain-pseudokinase),63.0,10,uM
10285-101-1,PHA-767491,200207,JAK2(JH1domain-catalytic),0.0,10,uM
10285-101-1,PHA-767491,200209,JAK3(JH1domain-catalytic),0.0,10,uM
10285-101-1,PHA-767491,200211,JNK1,69.0,10,uM
10285-101-1,PHA-767491,200212,MK09,92.0,10,uM
10285-101-1,PHA-767491,200213,JNK3,84.0,10,uM
10285-101-1,PHA-767491,200214,KIT,79.0,10,uM
10285-101-1,PHA-767491,200215,KIT(A829P),71.0,10,uM
10285-101-1,PHA-767491,200216,KIT(D816H),35.0,10,uM
10285-101-1,PHA-767491,200217,KIT(D816V),31.0,10,uM
10285-101-1,PHA-767491,200218,KIT(L576P),78.0,10,uM
10285-101-1,PHA-767491,200219,KIT(V559D),72.0,10,uM
10285-101-1,PHA-767491,200220,"KIT(V559D,T670I)",86.0,10,uM
10285-101-1,PHA-767491,200221,"KIT(V559D,V654A)",94.0,10,uM
10285-101-1,PHA-767491,200474,KIT-autoinhibited,100.0,10,uM
10285-101-1,PHA-767491,200222,LATS1,29.0,10,uM
10285-101-1,PHA-767491,200223,LATS2,8.0,10,uM
10285-101-1,PHA-767491,200224,LCK,100.0,10,uM
10285-101-1,PHA-767491,200225,LIMK1,96.0,10,uM
10285-101-1,PHA-767491,200226,LIMK2,99.0,10,uM
10285-101-1,PHA-767491,200227,LKB1,100.0,10,uM
10285-101-1,PHA-767491,200228,LOK,63.0,10,uM
10285-101-1,PHA-767491,200229,LRRK2,18.0,10,uM
10285-101-1,PHA-767491,200230,LRRK2(G2019S),16.0,10,uM
10285-101-1,PHA-767491,200231,LTK,100.0,10,uM
10285-101-1,PHA-767491,200232,LYN,84.0,10,uM
10285-101-1,PHA-767491,200233,M3K13,100.0,10,uM
10285-101-1,PHA-767491,200234,MAK,100.0,10,uM
10285-101-1,PHA-767491,200235,MAP3K1,88.0,10,uM
10285-101-1,PHA-767491,200236,MAP3K15,88.0,10,uM
10285-101-1,PHA-767491,200237,M3K2,59.0,10,uM
10285-101-1,PHA-767491,200238,MAP3K3,61.0,10,uM
10285-101-1,PHA-767491,200239,MAP3K4,100.0,10,uM
10285-101-1,PHA-767491,200240,MAP4K2,4.2,10,uM
10285-101-1,PHA-767491,200241,M4K3,26.0,10,uM
10285-101-1,PHA-767491,200242,MAP4K4,22.0,10,uM
10285-101-1,PHA-767491,200243,MAP4K5,82.0,10,uM
10285-101-1,PHA-767491,200244,MAPKAPK2,0.0,10,uM
10285-101-1,PHA-767491,200245,MAPKAPK5,12.0,10,uM
10285-101-1,PHA-767491,200246,MARK1,57.0,10,uM
10285-101-1,PHA-767491,200247,MARK2,33.0,10,uM
10285-101-1,PHA-767491,200248,MARK3,44.0,10,uM
10285-101-1,PHA-767491,200249,MARK4,55.0,10,uM
10285-101-1,PHA-767491,200250,MAST1,62.0,10,uM
10285-101-1,PHA-767491,200251,MP2K1,68.0,10,uM
10285-101-1,PHA-767491,200252,MP2K2,81.0,10,uM
10285-101-1,PHA-767491,200253,MP2K3,16.0,10,uM
10285-101-1,PHA-767491,200254,MP2K4,74.0,10,uM
10285-101-1,PHA-767491,200255,MP2K5,31.0,10,uM
10285-101-1,PHA-767491,200256,MP2K6,72.0,10,uM
10285-101-1,PHA-767491,200257,MELK,35.0,10,uM
10285-101-1,PHA-767491,200258,MERTK,87.0,10,uM
10285-101-1,PHA-767491,200259,MET,28.0,10,uM
10285-101-1,PHA-767491,200260,MET(M1250T),7.8,10,uM
10285-101-1,PHA-767491,200261,MET(Y1235D),33.0,10,uM
10285-101-1,PHA-767491,200262,MINK,8.8,10,uM
10285-101-1,PHA-767491,200263,MP2K7,100.0,10,uM
10285-101-1,PHA-767491,200264,MKNK1,100.0,10,uM
10285-101-1,PHA-767491,200265,MKNK2,12.0,10,uM
10285-101-1,PHA-767491,200266,MLCK,2.6,10,uM
10285-101-1,PHA-767491,200267,MLK1,96.0,10,uM
10285-101-1,PHA-767491,200268,MLK2,50.0,10,uM
10285-101-1,PHA-767491,200269,MLK3,97.0,10,uM
10285-101-1,PHA-767491,200270,MRCKA,100.0,10,uM
10285-101-1,PHA-767491,200271,MRCKB,89.0,10,uM
10285-101-1,PHA-767491,200272,MST1,100.0,10,uM
10285-101-1,PHA-767491,200273,MST1R,16.0,10,uM
10285-101-1,PHA-767491,200274,MST2,21.0,10,uM
10285-101-1,PHA-767491,200275,MST3,90.0,10,uM
10285-101-1,PHA-767491,200276,MST4,29.0,10,uM
10285-101-1,PHA-767491,200277,MTOR,95.0,10,uM
10285-101-1,PHA-767491,200278,MUSK,7.6,10,uM
10285-101-1,PHA-767491,200279,MYLK,17.0,10,uM
10285-101-1,PHA-767491,200280,MYLK2,30.0,10,uM
10285-101-1,PHA-767491,200281,MYLK4,22.0,10,uM
10285-101-1,PHA-767491,200282,MYO3A,43.0,10,uM
10285-101-1,PHA-767491,200283,MYO3B,53.0,10,uM
10285-101-1,PHA-767491,200284,NDR1,13.0,10,uM
10285-101-1,PHA-767491,200285,NDR2,24.0,10,uM
10285-101-1,PHA-767491,200286,NEK1,50.0,10,uM
10285-101-1,PHA-767491,200481,NEK10,30.0,10,uM
10285-101-1,PHA-767491,200287,NEK11,86.0,10,uM
10285-101-1,PHA-767491,200288,NEK2,93.0,10,uM
10285-101-1,PHA-767491,200289,NEK3,100.0,10,uM
10285-101-1,PHA-767491,200290,NEK4,92.0,10,uM
10285-101-1,PHA-767491,200291,NEK5,92.0,10,uM
10285-101-1,PHA-767491,200292,NEK6,91.0,10,uM
10285-101-1,PHA-767491,200293,NEK7,100.0,10,uM
10285-101-1,PHA-767491,200294,NEK9,100.0,10,uM
10285-101-1,PHA-767491,200295,NIM1,56.0,10,uM
10285-101-1,PHA-767491,200296,NLK,28.0,10,uM
10285-101-1,PHA-767491,200297,OSR1,96.0,10,uM
10285-101-1,PHA-767491,200298,MK14,99.0,10,uM
10285-101-1,PHA-767491,200299,MK11,100.0,10,uM
10285-101-1,PHA-767491,200300,MK13,50.0,10,uM
10285-101-1,PHA-767491,200301,MK12,21.0,10,uM
10285-101-1,PHA-767491,200302,PAK1,43.0,10,uM
10285-101-1,PHA-767491,200303,PAK2,30.0,10,uM
10285-101-1,PHA-767491,200304,PAK3,100.0,10,uM
10285-101-1,PHA-767491,200305,PAK4,92.0,10,uM
10285-101-1,PHA-767491,200306,PAK6,100.0,10,uM
10285-101-1,PHA-767491,200307,PAK7,81.0,10,uM
10285-101-1,PHA-767491,200309,CDK16,76.0,10,uM
10285-101-1,PHA-767491,200310,PCTK2,85.0,10,uM
10285-101-1,PHA-767491,200311,PCTK3,96.0,10,uM
10285-101-1,PHA-767491,200312,PGFRA,100.0,10,uM
10285-101-1,PHA-767491,200313,PGFRB,54.0,10,uM
10285-101-1,PHA-767491,200314,PDPK1,72.0,10,uM
10285-101-1,PHA-767491,200315,PFCDPK1(P.falciparum),6.6,10,uM
10285-101-1,PHA-767491,200316,PFPK5(P.falciparum),100.0,10,uM
10285-101-1,PHA-767491,200317,CDK15,84.0,10,uM
10285-101-1,PHA-767491,200318,CDK14,71.0,10,uM
10285-101-1,PHA-767491,200319,PHKG1,76.0,10,uM
10285-101-1,PHA-767491,200320,PHKG2,14.0,10,uM
10285-101-1,PHA-767491,200321,PIK3C2B,81.0,10,uM
10285-101-1,PHA-767491,200322,PIK3C2G,87.0,10,uM
10285-101-1,PHA-767491,200323,PIK3CA,96.0,10,uM
10285-101-1,PHA-767491,200324,PIK3CA(C420R),94.0,10,uM
10285-101-1,PHA-767491,200325,PIK3CA(E542K),98.0,10,uM
10285-101-1,PHA-767491,200326,PIK3CA(E545A),76.0,10,uM
10285-101-1,PHA-767491,200327,PIK3CA(E545K),77.0,10,uM
10285-101-1,PHA-767491,200328,PIK3CA(H1047L),79.0,10,uM
10285-101-1,PHA-767491,200329,PIK3CA(H1047Y),96.0,10,uM
10285-101-1,PHA-767491,200330,PIK3CA(I800L),100.0,10,uM
10285-101-1,PHA-767491,200331,PIK3CA(M1043I),95.0,10,uM
10285-101-1,PHA-767491,200332,PIK3CA(Q546K),90.0,10,uM
10285-101-1,PHA-767491,200333,PIK3CB,23.0,10,uM
10285-101-1,PHA-767491,200334,PIK3CD,65.0,10,uM
10285-101-1,PHA-767491,200335,PIK3CG,65.0,10,uM
10285-101-1,PHA-767491,200336,PIK4CB,81.0,10,uM
10285-101-1,PHA-767491,200337,PIM1,27.0,10,uM
10285-101-1,PHA-767491,200338,PIM2,10.0,10,uM
10285-101-1,PHA-767491,200339,PIM3,13.0,10,uM
10285-101-1,PHA-767491,200340,PIP5K1A,32.0,10,uM
10285-101-1,PHA-767491,200341,PIP5K1C,81.0,10,uM
10285-101-1,PHA-767491,200342,PIP5K2B,52.0,10,uM
10285-101-1,PHA-767491,200343,PI42C,100.0,10,uM
10285-101-1,PHA-767491,200344,PKAC-alpha,13.0,10,uM
10285-101-1,PHA-767491,200345,PKAC-beta,33.0,10,uM
10285-101-1,PHA-767491,200346,PKMYT1,99.0,10,uM
10285-101-1,PHA-767491,200347,PKN1,5.0,10,uM
10285-101-1,PHA-767491,200348,PKN2,3.6,10,uM
10285-101-1,PHA-767491,200349,PKNB(M.tuberculosis),36.0,10,uM
10285-101-1,PHA-767491,200350,PLK1,1.4,10,uM
10285-101-1,PHA-767491,200351,PLK2,16.0,10,uM
10285-101-1,PHA-767491,200352,PLK3,8.8,10,uM
10285-101-1,PHA-767491,200353,PLK4,43.0,10,uM
10285-101-1,PHA-767491,200354,KPCD,4.4,10,uM
10285-101-1,PHA-767491,200355,KPCE,0.0,10,uM
10285-101-1,PHA-767491,200356,KPCL,6.4,10,uM
10285-101-1,PHA-767491,200357,KPCI,24.0,10,uM
10285-101-1,PHA-767491,200358,KPCT,5.8,10,uM
10285-101-1,PHA-767491,200359,KPCD1,2.4,10,uM
10285-101-1,PHA-767491,200360,KPCD2,3.4,10,uM
10285-101-1,PHA-767491,200361,KPCD3,12.0,10,uM
10285-101-1,PHA-767491,200362,KGP1,2.2,10,uM
10285-101-1,PHA-767491,200363,KGP2,2.4,10,uM
10285-101-1,PHA-767491,200364,PRKR,92.0,10,uM
10285-101-1,PHA-767491,200365,PRKX,12.0,10,uM
10285-101-1,PHA-767491,200366,PRP4,84.0,10,uM
10285-101-1,PHA-767491,200367,FAK2,68.0,10,uM
10285-101-1,PHA-767491,200368,SIK3,92.0,10,uM
10285-101-1,PHA-767491,200369,RAF1,100.0,10,uM
10285-101-1,PHA-767491,200370,RET,100.0,10,uM
10285-101-1,PHA-767491,200371,RET(M918T),100.0,10,uM
10285-101-1,PHA-767491,200372,RET(V804L),100.0,10,uM
10285-101-1,PHA-767491,200373,RET(V804M),100.0,10,uM
10285-101-1,PHA-767491,200374,RIOK1,33.0,10,uM
10285-101-1,PHA-767491,200375,RIOK2,37.0,10,uM
10285-101-1,PHA-767491,200376,RIOK3,23.0,10,uM
10285-101-1,PHA-767491,200377,RIPK1,96.0,10,uM
10285-101-1,PHA-767491,200378,RIPK2,41.0,10,uM
10285-101-1,PHA-767491,200379,RIPK4,3.7,10,uM
10285-101-1,PHA-767491,200380,RIPK5,96.0,10,uM
10285-101-1,PHA-767491,200381,ROCK1,0.3,10,uM
10285-101-1,PHA-767491,200382,ROCK2,0.5,10,uM
10285-101-1,PHA-767491,200383,ROS1,44.0,10,uM
10285-101-1,PHA-767491,200390,RPS6KA4(Kin.Dom.1-N-terminal),100.0,10,uM
10285-101-1,PHA-767491,200392,RPS6KA4(Kin.Dom.2-C-terminal),0.2,10,uM
10285-101-1,PHA-767491,200394,RPS6KA5(Kin.Dom.1-N-terminal),79.0,10,uM
10285-101-1,PHA-767491,200396,RPS6KA5(Kin.Dom.2-C-terminal),7.9,10,uM
10285-101-1,PHA-767491,200399,RSK1(Kin.Dom.1-N-terminal),93.0,10,uM
10285-101-1,PHA-767491,200400,RSK1(Kin.Dom.2-C-terminal),52.0,10,uM
10285-101-1,PHA-767491,200401,RSK2(Kin.Dom.1-N-terminal),36.0,10,uM
10285-101-1,PHA-767491,200475,RSK2(Kin.Dom.2-C-terminal),66.0,10,uM
10285-101-1,PHA-767491,200402,RSK3(Kin.Dom.1-N-terminal),81.0,10,uM
10285-101-1,PHA-767491,200403,RSK3(Kin.Dom.2-C-terminal),15.0,10,uM
10285-101-1,PHA-767491,200404,RSK4(Kin.Dom.1-N-terminal),26.0,10,uM
10285-101-1,PHA-767491,200405,RSK4(Kin.Dom.2-C-terminal),35.0,10,uM
10285-101-1,PHA-767491,200406,S6K1,60.0,10,uM
10285-101-1,PHA-767491,200407,SBK1,59.0,10,uM
10285-101-1,PHA-767491,200476,SGK1,13.0,10,uM
10285-101-1,PHA-767491,200408,SgK110,100.0,10,uM
10285-101-1,PHA-767491,200409,SGK3,16.0,10,uM
10285-101-1,PHA-767491,200410,SIK1,99.0,10,uM
10285-101-1,PHA-767491,200411,SIK2,91.0,10,uM
10285-101-1,PHA-767491,200412,SLK,77.0,10,uM
10285-101-1,PHA-767491,200413,SNARK,4.6,10,uM
10285-101-1,PHA-767491,200414,SNRK,100.0,10,uM
10285-101-1,PHA-767491,200415,SRC,97.0,10,uM
10285-101-1,PHA-767491,200416,SRMS,100.0,10,uM
10285-101-1,PHA-767491,200417,SRPK1,74.0,10,uM
10285-101-1,PHA-767491,200418,SRPK2,62.0,10,uM
10285-101-1,PHA-767491,200419,SRPK3,92.0,10,uM
10285-101-1,PHA-767491,200420,STK16,44.0,10,uM
10285-101-1,PHA-767491,200421,STK33,6.6,10,uM
10285-101-1,PHA-767491,200422,STK35,5.0,10,uM
10285-101-1,PHA-767491,200423,STK36,85.0,10,uM
10285-101-1,PHA-767491,200424,STK39,59.0,10,uM
10285-101-1,PHA-767491,200425,SYK,95.0,10,uM
10285-101-1,PHA-767491,200426,TAK1,26.0,10,uM
10285-101-1,PHA-767491,200427,TAOK1,0.8,10,uM
10285-101-1,PHA-767491,200428,TAOK2,5.0,10,uM
10285-101-1,PHA-767491,200429,TAOK3,1.0,10,uM
10285-101-1,PHA-767491,200430,TBK1,65.0,10,uM
10285-101-1,PHA-767491,200431,TEC,100.0,10,uM
10285-101-1,PHA-767491,200432,TESK1,97.0,10,uM
10285-101-1,PHA-767491,200433,TGFBR1,23.0,10,uM
10285-101-1,PHA-767491,200434,TGFBR2,9.4,10,uM
10285-101-1,PHA-767491,200435,TIE1,68.0,10,uM
10285-101-1,PHA-767491,200436,TIE2,100.0,10,uM
10285-101-1,PHA-767491,200437,TLK1,74.0,10,uM
10285-101-1,PHA-767491,200438,TLK2,86.0,10,uM
10285-101-1,PHA-767491,200439,TNIK,15.0,10,uM
10285-101-1,PHA-767491,200440,TNK1,49.0,10,uM
10285-101-1,PHA-767491,200441,TNK2,94.0,10,uM
10285-101-1,PHA-767491,200442,TNNI3K,83.0,10,uM
10285-101-1,PHA-767491,200443,TRKA,79.0,10,uM
10285-101-1,PHA-767491,200444,TRKB,82.0,10,uM
10285-101-1,PHA-767491,200445,TRKC,97.0,10,uM
10285-101-1,PHA-767491,200446,TRPM6,100.0,10,uM
10285-101-1,PHA-767491,200447,TSSK1,90.0,10,uM
10285-101-1,PHA-767491,200448,TTK,26.0,10,uM
10285-101-1,PHA-767491,200449,TXK,100.0,10,uM
10285-101-1,PHA-767491,200450,TYK2(JH1domain-catalytic),0.9,10,uM
10285-101-1,PHA-767491,200451,TYK2(JH2domain-pseudokinase),8.4,10,uM
10285-101-1,PHA-767491,200454,TYRO3,100.0,10,uM
10285-101-1,PHA-767491,200455,ULK1,22.0,10,uM
10285-101-1,PHA-767491,200456,ULK2,6.4,10,uM
10285-101-1,PHA-767491,200457,ULK3,88.0,10,uM
10285-101-1,PHA-767491,200458,VGFR2,100.0,10,uM
10285-101-1,PHA-767491,200459,VRK2,84.0,10,uM
10285-101-1,PHA-767491,200460,WEE1,95.0,10,uM
10285-101-1,PHA-767491,200461,WEE2,98.0,10,uM
10285-101-1,PHA-767491,200477,WNK1,80.0,10,uM
10285-101-1,PHA-767491,200478,WNK3,80.0,10,uM
10285-101-1,PHA-767491,200462,YANK1,93.0,10,uM
10285-101-1,PHA-767491,200463,YANK2,95.0,10,uM
10285-101-1,PHA-767491,200464,YANK3,96.0,10,uM
10285-101-1,PHA-767491,200465,YES,100.0,10,uM
10285-101-1,PHA-767491,200466,YSK1,66.0,10,uM
10285-101-1,PHA-767491,200467,YSK4,0.0,10,uM
10285-101-1,PHA-767491,200468,MLTK,78.0,10,uM
10285-101-1,PHA-767491,200469,ZAP70,95.0,10,uM
10285-101-1,PHA-767491,201108,SGK2,55.0,10,uM
10285-101-1,PHA-767491,201107,MAP3K14,24.0,10,uM
